{
"tuned-probs":
    {
        "Abbott Northwestern Hospital": 0.39488337212168934,
        "Avera Marshall Regional Medical Center": 0.32282031656769994,
        "Cambridge Medical Center": 0.9153208184499764,
        "Carris Health - Rice Memorial Hospital": 0.5634801359819447,
        "CentraCare Health - Monticello": 0.23882910763190723,
        "Children's Minnesota": 0.3136585806673285,
        "Essentia Health - Duluth": 0.8710069829571717,
        "Fairview Range": 0.9311992183475036,
        "Hennepin Healthcare": 0.5699955513088492,
        "Hutchinson Health": 0.9866366144380121,
        "Lake Region Healthcare": 0.4560306405065575,
        "Lakewood Health System": 0.9772372324624944,
        "M Health Fairview Southdale Hospital": 0.2889925858324969,
        "M Health Fairview University of Minnesota Medical Center": 0.31605575152844295,
        "Mayo Clinic Health System - Albert Lea and Austin": 0.8355490533617396,
        "Mayo Clinic Health System in Mankato": 0.34492527973802023,
        "Mayo Clinic Hospital - Rochester": 0.3059359624006085,
        "Meeker Memorial Hospital": 0.66858228406637,
        "Mercy Hospital, Unity Campus": 0.42941965314397745,
        "Mille Lacs Health System": 0.8583286678228871,
        "New Ulm Medical Center": 0.4528477299317294,
        "North Memorial Health Hospital": 0.8388652764923363,
        "Owatonna Hospital": 0.41045619793443144,
        "PrairieCare": 0.9634274887961759,
        "Regina Hospital": 0.7045660095165073,
        "Regions Hospital": 0.6722674126371271,
        "Ridgeview Medical Center": 0.4788021149653908,
        "Saint Joseph's Hospital": 0.9424569688213041,
        "Sanford Behavioral Health Center": 0.7787868103849603,
        "St. Cloud Hospital": 0.22951026159652702,
        "St. Joseph's Medical Center": 0.5933386706111974,
        "St. Luke's Hospital": 0.9799592200527831,
        "United Hospital": 0.13463007188007614,
        "Winona Health Services": 0.2106616426927138
    },
"mayo-calculated-probs":
    {
        "Abbott Northwestern Hospital": 0.944444444444444,
        "Avera Marshall Regional Medical Center": 0.6,
        "Cambridge Medical Center": 0.462538226299694,
        "Carris Health - Rice Memorial Hospital": 0.635593220338983,
        "CentraCare Health - Monticello": 0.9,
        "Children's Minnesota": 0.462538226299694,
        "Essentia Health - Duluth": 0.776470588235294,
        "Fairview Range": 0.807692307692308,
        "Hennepin Healthcare": 0.777777777777778,
        "Hutchinson Health": 0.672727272727273,
        "Lake Region Healthcare": 0.55,
        "Lakewood Health System": 0.666666666666667,
        "M Health Fairview Southdale Hospital": 0.545454545454545,
        "M Health Fairview University of Minnesota Medical Center": 0.75,
        "Mayo Clinic Health System - Albert Lea and Austin": 0.67965367965368,
        "Mayo Clinic Health System in Mankato": 0.9,
        "Mayo Clinic Hospital - Rochester": 0.823529411764706,
        "Meeker Memorial Hospital": 0.818181818181818,
        "Mercy Hospital, Unity Campus": 0.789473684210526,
        "Mille Lacs Health System": 0.462538226299694,
        "New Ulm Medical Center": 0.848484848484849,
        "North Memorial Health Hospital": 0.894736842105263,
        "Owatonna Hospital": 0.462538226299694,
        "PrairieCare": 0.883495145631068,
        "Regina Hospital": 0.462538226299694,
        "Regions Hospital": 0.80952380952381,
        "Ridgeview Medical Center": 0.462538226299694,
        "Saint Joseph's Hospital": 0.75,
        "Sanford Behavioral Health Center": 0.7125,
        "St. Cloud Hospital": 0.961538461538462,
        "St. Joseph's Medical Center": 0.693877551020408,
        "St. Luke's Hospital": 0.609375,
        "United Hospital": 0.5,
        "Winona Health Services": 0.608695652173913
    }
}