{
"tuned-hccis-admissions-old":
    {
        "Abbott Northwestern Hospital": 0.39488337212168934,
        "Avera Marshall Regional Medical Center": 0.32282031656769994,
        "Cambridge Medical Center": 0.9153208184499764,
        "Carris Health - Rice Memorial Hospital": 0.5634801359819447,
        "CentraCare Health - Monticello": 0.23882910763190723,
        "Children's Minnesota": 0.3136585806673285,
        "Essentia Health - Duluth": 0.8710069829571717,
        "Fairview Range": 0.9311992183475036,
        "Hennepin Healthcare": 0.5699955513088492,
        "Hutchinson Health": 0.9866366144380121,
        "Lake Region Healthcare": 0.4560306405065575,
        "Lakewood Health System": 0.9772372324624944,
        "M Health Fairview Southdale Hospital": 0.2889925858324969,
        "M Health Fairview University of Minnesota Medical Center": 0.31605575152844295,
        "Mayo Clinic Health System - Albert Lea and Austin": 0.8355490533617396,
        "Mayo Clinic Health System in Mankato": 0.34492527973802023,
        "Mayo Clinic Hospital - Rochester": 0.3059359624006085,
        "Meeker Memorial Hospital": 0.66858228406637,
        "Mercy Hospital, Unity Campus": 0.42941965314397745,
        "Mille Lacs Health System": 0.8583286678228871,
        "New Ulm Medical Center": 0.4528477299317294,
        "North Memorial Health Hospital": 0.8388652764923363,
        "Owatonna Hospital": 0.41045619793443144,
        "PrairieCare": 0.9634274887961759,
        "Regina Hospital": 0.7045660095165073,
        "Regions Hospital": 0.6722674126371271,
        "Ridgeview Medical Center": 0.4788021149653908,
        "Saint Joseph's Hospital": 0.9424569688213041,
        "Sanford Behavioral Health Center": 0.7787868103849603,
        "St. Cloud Hospital": 0.22951026159652702,
        "St. Joseph's Medical Center": 0.5933386706111974,
        "St. Luke's Hospital": 0.9799592200527831,
        "United Hospital": 0.13463007188007614,
        "Winona Health Services": 0.2106616426927138
    },
"mayo-calculated-probs":
    {
        "Abbott Northwestern Hospital": 0.944444444444444,
        "Avera Marshall Regional Medical Center": 0.6,
        "Cambridge Medical Center": 0.462538226299694,
        "Carris Health - Rice Memorial Hospital": 0.635593220338983,
        "CentraCare Health - Monticello": 0.9,
        "Children's Minnesota": 0.462538226299694,
        "Essentia Health - Duluth": 0.776470588235294,
        "Fairview Range": 0.807692307692308,
        "Hennepin Healthcare": 0.777777777777778,
        "Hutchinson Health": 0.672727272727273,
        "Lake Region Healthcare": 0.55,
        "Lakewood Health System": 0.666666666666667,
        "M Health Fairview Southdale Hospital": 0.545454545454545,
        "M Health Fairview University of Minnesota Medical Center": 0.75,
        "Mayo Clinic Health System - Albert Lea and Austin": 0.67965367965368,
        "Mayo Clinic Health System in Mankato": 0.9,
        "Mayo Clinic Hospital - Rochester": 0.823529411764706,
        "Meeker Memorial Hospital": 0.818181818181818,
        "Mercy Hospital, Unity Campus": 0.789473684210526,
        "Mille Lacs Health System": 0.462538226299694,
        "New Ulm Medical Center": 0.848484848484849,
        "North Memorial Health Hospital": 0.894736842105263,
        "Owatonna Hospital": 0.462538226299694,
        "PrairieCare": 0.883495145631068,
        "Regina Hospital": 0.462538226299694,
        "Regions Hospital": 0.80952380952381,
        "Ridgeview Medical Center": 0.462538226299694,
        "Saint Joseph's Hospital": 0.75,
        "Sanford Behavioral Health Center": 0.7125,
        "St. Cloud Hospital": 0.961538461538462,
        "St. Joseph's Medical Center": 0.693877551020408,
        "St. Luke's Hospital": 0.609375,
        "United Hospital": 0.5,
        "Winona Health Services": 0.608695652173913
    },
    "tuned-hccis-admissions-norm":
    {
        "Abbott Northwestern Hospital": 0.3427455962970116,
        "Avera Marshall Regional Medical Center": 0.7319410200831055,
        "Cambridge Medical Center": 0.8157470634498519,
        "Carris Health - Rice Memorial Hospital": 0.7050277544060717,
        "CentraCare Health - Monticello": 0.17211560296662878,
        "Children's Minnesota": 0.25539974247054925,
        "Essentia Health - Duluth": 0.844376516884214,
        "Fairview Range": 0.9722714036078509,
        "Hennepin Healthcare": 0.5016217510596138,
        "Hutchinson Health": 0.9952225016016726,
        "Lake Region Healthcare": 0.7171558264225051,
        "Lakewood Health System": 0.39692294969590614,
        "M Health Fairview Southdale Hospital": 0.15433573084549035,
        "M Health Fairview University of Minnesota Medical Center": 0.2502981608697635,
        "Mayo Clinic Health System - Albert Lea and Austin": 0.8640866386607732,
        "Mayo Clinic Health System in Mankato": 0.6881859692447491,
        "Mayo Clinic Hospital - Rochester": 0.39695882893740486,
        "Meeker Memorial Hospital": 0.7256375831019831,
        "Mercy Hospital, Unity Campus": 0.3224807484356896,
        "Mille Lacs Health System": 0.6782327207676969,
        "New Ulm Medical Center": 0.5989831574791579,
        "North Memorial Health Hospital": 0.7234219347876032,
        "Owatonna Hospital": 0.5457249577514179,
        "PrairieCare": 0.930898775135121,
        "Regina Hospital": 0.8517296864488664,
        "Regions Hospital": 0.7058448573273631,
        "Ridgeview Medical Center": 0.8768208436141748,
        "Saint Joseph's Hospital": 0.8263363480933543,
        "Sanford Behavioral Health Center": 0.7294733297305054,
        "St. Cloud Hospital": 0.38775498773744577,
        "St. Joseph's Medical Center": 0.3702682719834769,
        "St. Luke's Hospital": 0.709319381265522,
        "United Hospital": 0.12943311035511362,
        "Winona Health Services": 0.26147628251611144
    },
    "tuned-hccis-admissions":
    {
        "Abbott Northwestern Hospital": 0.34679686889188044,
        "Avera Marshall Regional Medical Center": 0.7704475630997846,
        "Cambridge Medical Center": 0.7386381690789638,
        "Carris Health - Rice Memorial Hospital": 0.604999060742532,
        "CentraCare Health - Monticello": 0.29155908580094086,
        "Children's Minnesota": 0.28053877376888303,
        "Essentia Health - Duluth": 0.771246299865048,
        "Fairview Range": 0.8560958190992268,
        "Hennepin Healthcare": 0.5778685589650026,
        "Hutchinson Health": 0.9044872049142333,
        "Lake Region Healthcare": 0.41193244778156635,
        "Lakewood Health System": 0.9135599407783559,
        "M Health Fairview Southdale Hospital": 0.29634396370925575,
        "M Health Fairview University of Minnesota Medical Center": 0.2824334013608881,
        "Mayo Clinic Health System - Albert Lea and Austin": 0.8330521927881702,
        "Mayo Clinic Health System in Mankato": 0.5162099361672725,
        "Mayo Clinic Hospital - Rochester": 0.420768687787093,
        "Meeker Memorial Hospital": 0.44514044177870815,
        "Mercy Hospital, Unity Campus": 0.1507535067228163,
        "Mille Lacs Health System": 0.3876780681692993,
        "New Ulm Medical Center": 0.24950711150565674,
        "North Memorial Health Hospital": 0.5941145283523319,
        "Owatonna Hospital": 0.48891782711359555,
        "PrairieCare": 0.9497661377030251,
        "Regina Hospital": 0.7551457710200029,
        "Regions Hospital": 0.6697397949866137,
        "Ridgeview Medical Center": 0.3626477470835304,
        "Saint Joseph's Hospital": 0.7550246509215186,
        "Sanford Behavioral Health Center": 0.6100041643502998,
        "St. Cloud Hospital": 0.26363055088283016,
        "St. Joseph's Medical Center": 0.637291962279529,
        "St. Luke's Hospital": 0.7895553689638886,
        "United Hospital": 0.15509741249277573,
        "Winona Health Services": 0.14784428483004813
    },
    "tuned-ed-wait-time-norm": {
        "Abbott Northwestern Hospital": 0.767804804816842,